job_id,worker_wallet,amount_sol,tx_signature,reason
4f9c567a,SecondPublicKeyHere,0.0064,SIM-4f9c567a-1768892687,INVALID
d5c2f30c,FifthPublicKeyHere,0.0083,SIM-d5c2f30c-1768892687,INVALID
0b6e5061,FourthPublicKeyHere,0.0012,SIM-0b6e5061-1768892687,INVALID
2151ac34,FirstPublicKeyHere,0.009,SIM-2151ac34-1768892687,INVALID
d40b572c,FifthPublicKeyHere,0.0068,SIM-d40b572c-1768892687,INVALID
a54c7251,SecondPublicKeyHere,0.0043,SIM-a54c7251-1768892687,INVALID
8f8d6cc8,FourthPublicKeyHere,0.0075,SIM-8f8d6cc8-1768892687,INVALID
a72037bc,ThirdPublicKeyHere,0.0062,SIM-a72037bc-1768892688,INVALID
4cb8751a,FirstPublicKeyHere,0.0027,SIM-4cb8751a-1768892688,INVALID
d1b62540,SecondPublicKeyHere,0.0045,SIM-d1b62540-1768892688,INVALID
2355a3a7,FourthPublicKeyHere,0.0033,SIM-2355a3a7-1768892688,INVALID
6f12707d,FifthPublicKeyHere,0.002,SIM-6f12707d-1768892688,INVALID
4d793ec3,FirstPublicKeyHere,0.0075,SIM-4d793ec3-1768892688,INVALID
ba17fed2,FifthPublicKeyHere,0.0095,SIM-ba17fed2-1768892688,INVALID
984d7321,SecondPublicKeyHere,0.0082,SIM-984d7321-1768892688,INVALID
72236441,FourthPublicKeyHere,0.0024,SIM-72236441-1768892688,INVALID
805e0d9c,FourthPublicKeyHere,0.0026,SIM-805e0d9c-1768892688,INVALID
4ce52bbd,ThirdPublicKeyHere,0.004,SIM-4ce52bbd-1768892688,INVALID
fb296717,SecondPublicKeyHere,0.0027,SIM-fb296717-1768892688,INVALID
a2c731cc,FirstPublicKeyHere,0.003,SIM-a2c731cc-1768892688,INVALID
769a7c96,FifthPublicKeyHere,0.0031,SIM-769a7c96-1768892688,INVALID
c7491240,FourthPublicKeyHere,0.0033,SIM-c7491240-1768892688,INVALID
2a2740c5,ThirdPublicKeyHere,0.0031,SIM-2a2740c5-1768892688,INVALID
3d52403b,SecondPublicKeyHere,0.0045,SIM-3d52403b-1768892688,INVALID
09d594ba,FirstPublicKeyHere,0.0047,SIM-09d594ba-1768892688,INVALID
55b65137,FifthPublicKeyHere,0.0029,SIM-55b65137-1768892688,INVALID
3304685e,FourthPublicKeyHere,0.0042,SIM-3304685e-1768892688,INVALID
6bc69128,ThirdPublicKeyHere,0.0026,SIM-6bc69128-1768892688,INVALID
8b8ca9b6,SecondPublicKeyHere,0.0038,SIM-8b8ca9b6-1768892688,INVALID
72e85465,FirstPublicKeyHere,0.0044,SIM-72e85465-1768892688,INVALID
361acbf6,FifthPublicKeyHere,0.0047,SIM-361acbf6-1768892688,INVALID
bfdc3250,FourthPublicKeyHere,0.0024,SIM-bfdc3250-1768892688,INVALID
5ca1d941,ThirdPublicKeyHere,0.0027,SIM-5ca1d941-1768892688,INVALID
d8b0d496,SecondPublicKeyHere,0.0022,SIM-d8b0d496-1768892688,INVALID
9f57b011,FirstPublicKeyHere,0.0041,SIM-9f57b011-1768892688,INVALID
e18e427d,FifthPublicKeyHere,0.005,SIM-e18e427d-1768892688,INVALID
aae8d2f9,FourthPublicKeyHere,0.0037,SIM-aae8d2f9-1768892688,INVALID
9b8855cd,ThirdPublicKeyHere,0.0027,SIM-9b8855cd-1768892688,INVALID
1edcf6d5,SecondPublicKeyHere,0.0041,SIM-1edcf6d5-1768892688,INVALID
b5eeefc9,FirstPublicKeyHere,0.0034,SIM-b5eeefc9-1768892688,INVALID
81008456,FifthPublicKeyHere,0.003,SIM-81008456-1768892688,INVALID
ea5b933e,FourthPublicKeyHere,0.0037,SIM-ea5b933e-1768892688,INVALID
a2764511,ThirdPublicKeyHere,0.0043,SIM-a2764511-1768892688,INVALID
3a29af21,SecondPublicKeyHere,0.0032,SIM-3a29af21-1768892688,INVALID
f9e1515c,FirstPublicKeyHere,0.0047,SIM-f9e1515c-1768892688,INVALID
aaf6b93d,FifthPublicKeyHere,0.0039,SIM-aaf6b93d-1768892688,INVALID
f1a95aed,FourthPublicKeyHere,0.0036,SIM-f1a95aed-1768892688,INVALID
a12c1ffb,ThirdPublicKeyHere,0.0038,SIM-a12c1ffb-1768892688,INVALID
03f8a8e1,SecondPublicKeyHere,0.0026,SIM-03f8a8e1-1768892688,INVALID
676f4181,FirstPublicKeyHere,0.0028,SIM-676f4181-1768892688,INVALID
793363b2,FifthPublicKeyHere,0.0034,SIM-793363b2-1768892688,INVALID
1492ecfa,FourthPublicKeyHere,0.003,SIM-1492ecfa-1768892688,INVALID
95bd6bf3,FirstPublicKeyHere,0.0029,SIM-95bd6bf3-1768892688,INVALID
70542d60,SecondPublicKeyHere,0.005,SIM-70542d60-1768892688,INVALID
81f4e5ae,ThirdPublicKeyHere,0.0029,SIM-81f4e5ae-1768892688,INVALID
25ab0648,FourthPublicKeyHere,0.0035,SIM-25ab0648-1768892688,INVALID
33533feb,FifthPublicKeyHere,0.0042,SIM-33533feb-1768892688,INVALID
d2bee33e,FirstPublicKeyHere,0.0048,SIM-d2bee33e-1768892688,INVALID
d208e7cf,SecondPublicKeyHere,0.0041,SIM-d208e7cf-1768892688,INVALID
a41c4f9f,ThirdPublicKeyHere,0.0026,SIM-a41c4f9f-1768892688,INVALID
99b60fd7,FourthPublicKeyHere,0.0042,SIM-99b60fd7-1768892688,INVALID
d94faaa6,FifthPublicKeyHere,0.0029,SIM-d94faaa6-1768892688,INVALID
46168d8c,FirstPublicKeyHere,0.0028,SIM-46168d8c-1768892688,INVALID
07041f0d,SecondPublicKeyHere,0.003,SIM-07041f0d-1768892688,INVALID
a94e4086,ThirdPublicKeyHere,0.0042,SIM-a94e4086-1768892688,INVALID
e05ce8d1,FourthPublicKeyHere,0.0032,SIM-e05ce8d1-1768892688,INVALID
c5f1628b,FifthPublicKeyHere,0.0021,SIM-c5f1628b-1768892688,INVALID
4a71df9c,FirstPublicKeyHere,0.0039,SIM-4a71df9c-1768892688,INVALID
4647f7a6,SecondPublicKeyHere,0.0026,SIM-4647f7a6-1768892688,INVALID
860fb145,ThirdPublicKeyHere,0.0033,SIM-860fb145-1768892688,INVALID
c2e3fee9,FourthPublicKeyHere,0.0037,SIM-c2e3fee9-1768892688,INVALID
d3131867,FifthPublicKeyHere,0.0033,SIM-d3131867-1768892688,INVALID
ab6fb1f3,FirstPublicKeyHere,0.0026,SIM-ab6fb1f3-1768892688,INVALID
1b34cc55,SecondPublicKeyHere,0.0046,SIM-1b34cc55-1768892688,INVALID
4cf81baf,ThirdPublicKeyHere,0.0047,SIM-4cf81baf-1768892688,INVALID
6c992861,FourthPublicKeyHere,0.0041,SIM-6c992861-1768892688,INVALID
7b125afe,FifthPublicKeyHere,0.0039,SIM-7b125afe-1768892688,INVALID
ec07e8e5,FirstPublicKeyHere,0.0045,SIM-ec07e8e5-1768892688,INVALID
053db6e1,SecondPublicKeyHere,0.0031,SIM-053db6e1-1768892688,INVALID
4907c420,ThirdPublicKeyHere,0.0022,SIM-4907c420-1768892688,INVALID
8ded0c5a,FourthPublicKeyHere,0.0046,SIM-8ded0c5a-1768892688,INVALID
c143ae9e,FifthPublicKeyHere,0.0049,SIM-c143ae9e-1768892688,INVALID
cc3ddaf5,FirstPublicKeyHere,0.0045,SIM-cc3ddaf5-1768892688,INVALID
0bff1595,SecondPublicKeyHere,0.0039,SIM-0bff1595-1768892688,INVALID
abc092c2,ThirdPublicKeyHere,0.0022,SIM-abc092c2-1768892688,INVALID
31d7a475,FourthPublicKeyHere,0.0046,SIM-31d7a475-1768892688,INVALID
868fe355,FifthPublicKeyHere,0.0028,SIM-868fe355-1768892688,INVALID
e7d38f27,FirstPublicKeyHere,0.0045,SIM-e7d38f27-1768892688,INVALID
a50ded5b,SecondPublicKeyHere,0.0049,SIM-a50ded5b-1768892688,INVALID
b825b2b1,ThirdPublicKeyHere,0.0032,SIM-b825b2b1-1768892688,INVALID
3d6f3636,FourthPublicKeyHere,0.0044,SIM-3d6f3636-1768892688,INVALID
0679728f,FifthPublicKeyHere,0.0029,SIM-0679728f-1768892688,INVALID
45355dd7,FirstPublicKeyHere,0.0023,SIM-45355dd7-1768892688,INVALID
af745c68,SecondPublicKeyHere,0.0046,SIM-af745c68-1768892688,INVALID
8d4768f9,ThirdPublicKeyHere,0.002,SIM-8d4768f9-1768892688,INVALID
fef1954d,FourthPublicKeyHere,0.0033,SIM-fef1954d-1768892688,INVALID
20cb872f,FifthPublicKeyHere,0.0021,SIM-20cb872f-1768892688,INVALID
cc188278,FirstPublicKeyHere,0.0045,SIM-cc188278-1768892688,INVALID
393a8d47,SecondPublicKeyHere,0.0021,SIM-393a8d47-1768892688,INVALID
41e63c3c,ThirdPublicKeyHere,0.0041,SIM-41e63c3c-1768892688,INVALID
461dfeff,FourthPublicKeyHere,0.0035,SIM-461dfeff-1768892688,INVALID
1c312f90,FifthPublicKeyHere,0.0029,SIM-1c312f90-1768892688,INVALID
bebf86c6,FirstPublicKeyHere,0.0042,SIM-bebf86c6-1768892688,INVALID
d1158f6d,SecondPublicKeyHere,0.0045,SIM-d1158f6d-1768892688,INVALID
e2f8a25b,ThirdPublicKeyHere,0.0046,SIM-e2f8a25b-1768892688,INVALID
45a850fb,FourthPublicKeyHere,0.0038,SIM-45a850fb-1768892688,INVALID
2ac9f11d,FifthPublicKeyHere,0.0028,SIM-2ac9f11d-1768892688,INVALID
049e3561,FirstPublicKeyHere,0.004,SIM-049e3561-1768892688,INVALID
86039131,SecondPublicKeyHere,0.0043,SIM-86039131-1768892688,INVALID
47382b8f,ThirdPublicKeyHere,0.0021,SIM-47382b8f-1768892688,INVALID
fd089b3d,FourthPublicKeyHere,0.003,SIM-fd089b3d-1768892688,INVALID
0d70fba8,FifthPublicKeyHere,0.0039,SIM-0d70fba8-1768892688,INVALID
e3c6afa9,FirstPublicKeyHere,0.0045,SIM-e3c6afa9-1768892688,INVALID
94a79586,SecondPublicKeyHere,0.004,SIM-94a79586-1768892688,INVALID
4c1338af,ThirdPublicKeyHere,0.0041,SIM-4c1338af-1768892688,INVALID
93f2d40d,FourthPublicKeyHere,0.0041,SIM-93f2d40d-1768892688,INVALID
c0eade3b,FifthPublicKeyHere,0.0041,SIM-c0eade3b-1768892688,INVALID
e6d4739f,FirstPublicKeyHere,0.0048,SIM-e6d4739f-1768892688,INVALID
e15bcfe7,SecondPublicKeyHere,0.0045,SIM-e15bcfe7-1768892688,INVALID
ae1402fc,ThirdPublicKeyHere,0.0049,SIM-ae1402fc-1768892688,INVALID
54dbf199,FourthPublicKeyHere,0.0033,SIM-54dbf199-1768892688,INVALID
5250b9c8,FifthPublicKeyHere,0.003,SIM-5250b9c8-1768892688,INVALID
e2526041,FirstPublicKeyHere,0.0049,SIM-e2526041-1768892688,INVALID
94594733,SecondPublicKeyHere,0.0048,SIM-94594733-1768892688,INVALID
008c4ffd,ThirdPublicKeyHere,0.0028,SIM-008c4ffd-1768892688,INVALID
3b72ae4a,FourthPublicKeyHere,0.004,SIM-3b72ae4a-1768892688,INVALID
8082fd4d,FifthPublicKeyHere,0.0043,SIM-8082fd4d-1768892688,INVALID
4583c1a1,FirstPublicKeyHere,0.0032,SIM-4583c1a1-1768892688,INVALID
19dc9e6d,SecondPublicKeyHere,0.0027,SIM-19dc9e6d-1768892688,INVALID
c3cce25d,ThirdPublicKeyHere,0.0035,SIM-c3cce25d-1768892688,INVALID
ea4d85d8,FourthPublicKeyHere,0.0031,SIM-ea4d85d8-1768892688,INVALID
cd4223b0,FifthPublicKeyHere,0.0032,SIM-cd4223b0-1768892688,INVALID
6e3ed604,FirstPublicKeyHere,0.0028,SIM-6e3ed604-1768892688,INVALID
7064cff9,SecondPublicKeyHere,0.0023,SIM-7064cff9-1768892688,INVALID
5f9ec555,ThirdPublicKeyHere,0.0046,SIM-5f9ec555-1768892688,INVALID
ce935bd3,FourthPublicKeyHere,0.0048,SIM-ce935bd3-1768892688,INVALID
18ab6487,FifthPublicKeyHere,0.0034,SIM-18ab6487-1768892688,INVALID
74e30f1d,FirstPublicKeyHere,0.003,SIM-74e30f1d-1768892688,INVALID
e7b0cbde,SecondPublicKeyHere,0.0025,SIM-e7b0cbde-1768892688,INVALID
8167599f,ThirdPublicKeyHere,0.0046,SIM-8167599f-1768892688,INVALID
bb79c3e2,FourthPublicKeyHere,0.0033,SIM-bb79c3e2-1768892688,INVALID
fc85ef98,FifthPublicKeyHere,0.0036,SIM-fc85ef98-1768892688,INVALID
aa507718,FirstPublicKeyHere,0.0026,SIM-aa507718-1768892688,INVALID
5d04aeb4,SecondPublicKeyHere,0.0026,SIM-5d04aeb4-1768892688,INVALID
6602b8a2,ThirdPublicKeyHere,0.003,SIM-6602b8a2-1768892688,INVALID
7a6490ae,FourthPublicKeyHere,0.0024,SIM-7a6490ae-1768892688,INVALID
1bb4aa61,FifthPublicKeyHere,0.0022,SIM-1bb4aa61-1768892688,INVALID
a7333ec5,FirstPublicKeyHere,0.0031,SIM-a7333ec5-1768892688,INVALID
610269c9,SecondPublicKeyHere,0.0045,SIM-610269c9-1768892688,INVALID
450f1bdc,ThirdPublicKeyHere,0.0041,SIM-450f1bdc-1768892688,INVALID
3b45997e,FourthPublicKeyHere,0.0026,SIM-3b45997e-1768892688,INVALID
2d2c2f47,FifthPublicKeyHere,0.0026,SIM-2d2c2f47-1768892688,INVALID
2dd8e443,FirstPublicKeyHere,0.0047,SIM-2dd8e443-1768892688,INVALID
d8ddba94,SecondPublicKeyHere,0.0044,SIM-d8ddba94-1768892688,INVALID
a35d273d,ThirdPublicKeyHere,0.0047,SIM-a35d273d-1768892688,INVALID
d903afe6,FourthPublicKeyHere,0.0034,SIM-d903afe6-1768892688,INVALID
1a005a4a,FifthPublicKeyHere,0.0047,SIM-1a005a4a-1768892688,INVALID
fcd8c305,FirstPublicKeyHere,0.0027,SIM-fcd8c305-1768892688,INVALID
67be4ad8,SecondPublicKeyHere,0.0029,SIM-67be4ad8-1768892688,INVALID
cc24c0ff,ThirdPublicKeyHere,0.0046,SIM-cc24c0ff-1768892689,INVALID
fa964de2,FourthPublicKeyHere,0.0042,SIM-fa964de2-1768892689,INVALID
0a4d5fa9,FifthPublicKeyHere,0.0027,SIM-0a4d5fa9-1768892689,INVALID
a4074088,FirstPublicKeyHere,0.0025,SIM-a4074088-1768892689,INVALID
9a1c1ea9,SecondPublicKeyHere,0.0038,SIM-9a1c1ea9-1768892689,INVALID
2e75167b,ThirdPublicKeyHere,0.0032,SIM-2e75167b-1768892689,INVALID
351d0b1a,FourthPublicKeyHere,0.0024,SIM-351d0b1a-1768892689,INVALID
c1f31683,FifthPublicKeyHere,0.0049,SIM-c1f31683-1768892689,INVALID
d806afb2,FirstPublicKeyHere,0.0035,SIM-d806afb2-1768892689,INVALID
6091dd7c,SecondPublicKeyHere,0.003,SIM-6091dd7c-1768892689,INVALID
b182f592,ThirdPublicKeyHere,0.0049,SIM-b182f592-1768892689,INVALID
e2775778,FourthPublicKeyHere,0.0021,SIM-e2775778-1768892689,INVALID
4f92c79f,FifthPublicKeyHere,0.0044,SIM-4f92c79f-1768892689,INVALID
eee75675,FirstPublicKeyHere,0.0024,SIM-eee75675-1768892689,INVALID
7fe84358,SecondPublicKeyHere,0.0029,SIM-7fe84358-1768892689,INVALID
9b8653fd,ThirdPublicKeyHere,0.0031,SIM-9b8653fd-1768892689,INVALID
61ab336e,FourthPublicKeyHere,0.0035,SIM-61ab336e-1768892689,INVALID
7963423f,FifthPublicKeyHere,0.0026,SIM-7963423f-1768892689,INVALID
644179b8,FirstPublicKeyHere,0.0028,SIM-644179b8-1768892689,INVALID
9aab01b5,SecondPublicKeyHere,0.0035,SIM-9aab01b5-1768892689,INVALID
31495b42,ThirdPublicKeyHere,0.0027,SIM-31495b42-1768892689,INVALID
7ba15c56,FourthPublicKeyHere,0.0048,SIM-7ba15c56-1768892689,INVALID
c24d0355,FifthPublicKeyHere,0.0036,SIM-c24d0355-1768892689,INVALID
8398dc67,FirstPublicKeyHere,0.0042,SIM-8398dc67-1768892689,INVALID
04f6bfc7,SecondPublicKeyHere,0.005,SIM-04f6bfc7-1768892689,INVALID
e93f10ca,ThirdPublicKeyHere,0.0037,SIM-e93f10ca-1768892689,INVALID
fa44b731,FourthPublicKeyHere,0.0026,SIM-fa44b731-1768892689,INVALID
c180e201,FifthPublicKeyHere,0.0042,SIM-c180e201-1768892689,INVALID
52df2941,FirstPublicKeyHere,0.0025,SIM-52df2941-1768892689,INVALID
43ec255a,SecondPublicKeyHere,0.0032,SIM-43ec255a-1768892689,INVALID
286006fd,ThirdPublicKeyHere,0.0028,SIM-286006fd-1768892689,INVALID
c9c7854c,FourthPublicKeyHere,0.0028,SIM-c9c7854c-1768892689,INVALID
07c094b5,FifthPublicKeyHere,0.0031,SIM-07c094b5-1768892689,INVALID
9e53fd70,FirstPublicKeyHere,0.0027,SIM-9e53fd70-1768892689,INVALID
4fa37d8a,SecondPublicKeyHere,0.0035,SIM-4fa37d8a-1768892689,INVALID
64d2e4d9,ThirdPublicKeyHere,0.0049,SIM-64d2e4d9-1768892689,INVALID
cda5d9bf,FourthPublicKeyHere,0.0036,SIM-cda5d9bf-1768892689,INVALID
8ce3a2a8,FifthPublicKeyHere,0.0029,SIM-8ce3a2a8-1768892689,INVALID
505f4de2,FirstPublicKeyHere,0.0046,SIM-505f4de2-1768892689,INVALID
789942d7,SecondPublicKeyHere,0.0022,SIM-789942d7-1768892689,INVALID
d5a2d18e,ThirdPublicKeyHere,0.0038,SIM-d5a2d18e-1768892689,INVALID
7458946b,FourthPublicKeyHere,0.0046,SIM-7458946b-1768892689,INVALID
3dbffad3,FifthPublicKeyHere,0.0023,SIM-3dbffad3-1768892689,INVALID
f8a4332b,FirstPublicKeyHere,0.0044,SIM-f8a4332b-1768892689,INVALID
1739b639,SecondPublicKeyHere,0.0037,SIM-1739b639-1768892689,INVALID
d78c1f0f,ThirdPublicKeyHere,0.0036,SIM-d78c1f0f-1768892689,INVALID
a1f76bb7,FourthPublicKeyHere,0.004,SIM-a1f76bb7-1768892689,INVALID
2f362866,FifthPublicKeyHere,0.0039,SIM-2f362866-1768892689,INVALID
fff1cfd5,FirstPublicKeyHere,0.0044,SIM-fff1cfd5-1768892689,INVALID
c95a3a57,SecondPublicKeyHere,0.004,SIM-c95a3a57-1768892689,INVALID
a2043116,ThirdPublicKeyHere,0.0043,SIM-a2043116-1768892689,INVALID
f347ba3a,FourthPublicKeyHere,0.0033,SIM-f347ba3a-1768892689,INVALID
5b8cbd52,FifthPublicKeyHere,0.0026,SIM-5b8cbd52-1768892689,INVALID
4521da93,FirstPublicKeyHere,0.0038,SIM-4521da93-1768892689,INVALID
6c55fcaf,SecondPublicKeyHere,0.0039,SIM-6c55fcaf-1768892689,INVALID
fcd3330b,ThirdPublicKeyHere,0.0035,SIM-fcd3330b-1768892689,INVALID
6581f43e,FourthPublicKeyHere,0.0035,SIM-6581f43e-1768892689,INVALID
baa15654,FifthPublicKeyHere,0.0045,SIM-baa15654-1768892689,INVALID
9ee97380,FirstPublicKeyHere,0.0034,SIM-9ee97380-1768892689,INVALID
861c6829,SecondPublicKeyHere,0.0027,SIM-861c6829-1768892689,INVALID
e43e3cc9,ThirdPublicKeyHere,0.0029,SIM-e43e3cc9-1768892689,INVALID
c4207874,FourthPublicKeyHere,0.0032,SIM-c4207874-1768892689,INVALID
c9ea7456,FifthPublicKeyHere,0.003,SIM-c9ea7456-1768892689,INVALID
9dde5242,FirstPublicKeyHere,0.002,SIM-9dde5242-1768892689,INVALID
11cb38a7,SecondPublicKeyHere,0.003,SIM-11cb38a7-1768892689,INVALID
c0fd50f7,ThirdPublicKeyHere,0.0045,SIM-c0fd50f7-1768892689,INVALID
e53060cf,FourthPublicKeyHere,0.0021,SIM-e53060cf-1768892689,INVALID
1f61e468,FifthPublicKeyHere,0.0024,SIM-1f61e468-1768892689,INVALID
36f2b78a,FirstPublicKeyHere,0.003,SIM-36f2b78a-1768892689,INVALID
b942a70f,SecondPublicKeyHere,0.0044,SIM-b942a70f-1768892689,INVALID
1cfa2638,ThirdPublicKeyHere,0.0031,SIM-1cfa2638-1768892689,INVALID
8d63ef67,FourthPublicKeyHere,0.0044,SIM-8d63ef67-1768892689,INVALID
488cfdf0,FifthPublicKeyHere,0.0043,SIM-488cfdf0-1768892689,INVALID
9f76ed7a,FirstPublicKeyHere,0.0037,SIM-9f76ed7a-1768892689,INVALID
680c54b9,SecondPublicKeyHere,0.0027,SIM-680c54b9-1768892689,INVALID
30dfe834,ThirdPublicKeyHere,0.003,SIM-30dfe834-1768892689,INVALID
d783ea0d,FourthPublicKeyHere,0.0024,SIM-d783ea0d-1768892689,INVALID
b1f89a12,FifthPublicKeyHere,0.0036,SIM-b1f89a12-1768892689,INVALID
f16e467e,FirstPublicKeyHere,0.0042,SIM-f16e467e-1768892689,INVALID
5e3a8813,SecondPublicKeyHere,0.0035,SIM-5e3a8813-1768892689,INVALID
eeef4527,ThirdPublicKeyHere,0.0039,SIM-eeef4527-1768892689,INVALID
f762db7a,FourthPublicKeyHere,0.0021,SIM-f762db7a-1768892689,INVALID
79236e22,FifthPublicKeyHere,0.0023,SIM-79236e22-1768892689,INVALID
45f27128,FirstPublicKeyHere,0.0047,SIM-45f27128-1768892689,INVALID
be1f0562,SecondPublicKeyHere,0.0037,SIM-be1f0562-1768892689,INVALID
a6007777,ThirdPublicKeyHere,0.0024,SIM-a6007777-1768892689,INVALID
01cc3d12,FourthPublicKeyHere,0.0033,SIM-01cc3d12-1768892689,INVALID
f1ba91dc,FifthPublicKeyHere,0.0049,SIM-f1ba91dc-1768892689,INVALID
c5592708,FirstPublicKeyHere,0.0028,SIM-c5592708-1768892689,INVALID
2dc66890,SecondPublicKeyHere,0.0029,SIM-2dc66890-1768892689,INVALID
9388b924,ThirdPublicKeyHere,0.0028,SIM-9388b924-1768892689,INVALID
3f7e5684,FourthPublicKeyHere,0.0048,SIM-3f7e5684-1768892689,INVALID
d35f3dfe,FifthPublicKeyHere,0.0048,SIM-d35f3dfe-1768892689,INVALID
8528f4b3,FirstPublicKeyHere,0.0022,SIM-8528f4b3-1768892689,INVALID
11974777,SecondPublicKeyHere,0.0035,SIM-11974777-1768892689,INVALID
60c0cbf9,ThirdPublicKeyHere,0.0037,SIM-60c0cbf9-1768892689,INVALID
973e8fa0,FourthPublicKeyHere,0.0036,SIM-973e8fa0-1768892689,INVALID
4f7efab7,FifthPublicKeyHere,0.004,SIM-4f7efab7-1768892689,INVALID
1fffd4cc,FirstPublicKeyHere,0.0047,SIM-1fffd4cc-1768892689,INVALID
5386b1a6,SecondPublicKeyHere,0.0032,SIM-5386b1a6-1768892689,INVALID
64483979,ThirdPublicKeyHere,0.0021,SIM-64483979-1768892689,INVALID
ac2f4803,FourthPublicKeyHere,0.0038,SIM-ac2f4803-1768892689,INVALID
40abc3e9,FifthPublicKeyHere,0.0049,SIM-40abc3e9-1768892689,INVALID
1073d16f,FirstPublicKeyHere,0.003,SIM-1073d16f-1768892689,INVALID
3eac355e,SecondPublicKeyHere,0.004,SIM-3eac355e-1768892689,INVALID
1af69404,ThirdPublicKeyHere,0.0026,SIM-1af69404-1768892689,INVALID
55c5c8db,FourthPublicKeyHere,0.004,SIM-55c5c8db-1768892689,INVALID
fb38868a,FifthPublicKeyHere,0.0028,SIM-fb38868a-1768892689,INVALID
31fd6145,FirstPublicKeyHere,0.005,SIM-31fd6145-1768892689,INVALID
8fd927a6,SecondPublicKeyHere,0.0041,SIM-8fd927a6-1768892689,INVALID
ccbbde65,ThirdPublicKeyHere,0.0031,SIM-ccbbde65-1768892689,INVALID
9b6324c2,FourthPublicKeyHere,0.0033,SIM-9b6324c2-1768892689,INVALID
e697ddbb,FifthPublicKeyHere,0.0049,SIM-e697ddbb-1768892689,INVALID
fc6f7be3,FirstPublicKeyHere,0.0035,SIM-fc6f7be3-1768892689,INVALID
2c23be4b,SecondPublicKeyHere,0.0048,SIM-2c23be4b-1768892689,INVALID
aeff591a,ThirdPublicKeyHere,0.0031,SIM-aeff591a-1768892689,INVALID
2ce91e7a,FourthPublicKeyHere,0.0022,SIM-2ce91e7a-1768892689,INVALID
44f2da77,FifthPublicKeyHere,0.0036,SIM-44f2da77-1768892689,INVALID
9c8d6fa0,FirstPublicKeyHere,0.0031,SIM-9c8d6fa0-1768892689,INVALID
d2a4bce7,SecondPublicKeyHere,0.0022,SIM-d2a4bce7-1768892689,INVALID
f4aa8bc4,ThirdPublicKeyHere,0.0049,SIM-f4aa8bc4-1768892689,INVALID
a5b28901,FourthPublicKeyHere,0.0021,SIM-a5b28901-1768892689,INVALID
267eadb0,FifthPublicKeyHere,0.0025,SIM-267eadb0-1768892689,INVALID
f423684e,FirstPublicKeyHere,0.0047,SIM-f423684e-1768892689,INVALID
c7062dcd,SecondPublicKeyHere,0.0042,SIM-c7062dcd-1768892689,INVALID
7bf6f43b,ThirdPublicKeyHere,0.0046,SIM-7bf6f43b-1768892689,INVALID
b0e347bb,FourthPublicKeyHere,0.0021,SIM-b0e347bb-1768892689,INVALID
f9390c28,FifthPublicKeyHere,0.0042,SIM-f9390c28-1768892689,INVALID
b03faf6b,FirstPublicKeyHere,0.0047,SIM-b03faf6b-1768892689,INVALID
2438d40a,SecondPublicKeyHere,0.0039,SIM-2438d40a-1768892689,INVALID
5980882d,ThirdPublicKeyHere,0.0022,SIM-5980882d-1768892689,INVALID
333df23e,FourthPublicKeyHere,0.0036,SIM-333df23e-1768892689,INVALID
d4d6dd6e,FifthPublicKeyHere,0.0042,SIM-d4d6dd6e-1768892689,INVALID
bfb356ab,FirstPublicKeyHere,0.0045,SIM-bfb356ab-1768892689,INVALID
d51eb330,SecondPublicKeyHere,0.003,SIM-d51eb330-1768892689,INVALID
d51413ab,ThirdPublicKeyHere,0.0023,SIM-d51413ab-1768892689,INVALID
b313b5bc,FourthPublicKeyHere,0.0039,SIM-b313b5bc-1768892689,INVALID
41f42ef6,FifthPublicKeyHere,0.0026,SIM-41f42ef6-1768892689,INVALID
c9ded87b,FirstPublicKeyHere,0.0035,SIM-c9ded87b-1768892689,INVALID
0b0aa192,SecondPublicKeyHere,0.0037,SIM-0b0aa192-1768892689,INVALID
b66eccf1,ThirdPublicKeyHere,0.0027,SIM-b66eccf1-1768892689,INVALID
c710bfe9,FourthPublicKeyHere,0.0049,SIM-c710bfe9-1768892689,INVALID
98511569,FifthPublicKeyHere,0.0046,SIM-98511569-1768892689,INVALID
c9d95397,FirstPublicKeyHere,0.0032,SIM-c9d95397-1768892689,INVALID
c20a4734,SecondPublicKeyHere,0.0025,SIM-c20a4734-1768892689,INVALID
46428c73,ThirdPublicKeyHere,0.0024,SIM-46428c73-1768892689,INVALID
e61d9870,FourthPublicKeyHere,0.0025,SIM-e61d9870-1768892689,INVALID
6ac6fc55,FifthPublicKeyHere,0.0025,SIM-6ac6fc55-1768892689,INVALID
a7ba1406,FirstPublicKeyHere,0.0027,SIM-a7ba1406-1768892690,INVALID
9a655a81,SecondPublicKeyHere,0.0033,SIM-9a655a81-1768892690,INVALID
5e8d575a,ThirdPublicKeyHere,0.0038,SIM-5e8d575a-1768892690,INVALID
66630586,FourthPublicKeyHere,0.0043,SIM-66630586-1768892690,INVALID
6d435cd9,FifthPublicKeyHere,0.0024,SIM-6d435cd9-1768892690,INVALID
37e465c5,FirstPublicKeyHere,0.0043,SIM-37e465c5-1768892690,INVALID
9e830b4d,SecondPublicKeyHere,0.0049,SIM-9e830b4d-1768892690,INVALID
56285240,ThirdPublicKeyHere,0.004,SIM-56285240-1768892690,INVALID
117f89af,FourthPublicKeyHere,0.0034,SIM-117f89af-1768892690,INVALID
898c60f6,FifthPublicKeyHere,0.0047,SIM-898c60f6-1768892690,INVALID
9cd282dc,FirstPublicKeyHere,0.0047,SIM-9cd282dc-1768892690,INVALID
3b07a8ff,SecondPublicKeyHere,0.0027,SIM-3b07a8ff-1768892690,INVALID
00231e68,ThirdPublicKeyHere,0.0033,SIM-00231e68-1768892690,INVALID
cc1dd064,FourthPublicKeyHere,0.0025,SIM-cc1dd064-1768892690,INVALID
fdd945e1,FifthPublicKeyHere,0.0048,SIM-fdd945e1-1768892690,INVALID
7cfe0c39,FirstPublicKeyHere,0.0031,SIM-7cfe0c39-1768892690,INVALID
3dd086d7,SecondPublicKeyHere,0.0032,SIM-3dd086d7-1768892690,INVALID
7ea53f90,ThirdPublicKeyHere,0.0027,SIM-7ea53f90-1768892690,INVALID
a3d943b2,FourthPublicKeyHere,0.004,SIM-a3d943b2-1768892690,INVALID
0d30c576,FifthPublicKeyHere,0.0024,SIM-0d30c576-1768892690,INVALID
bd15e7a6,FirstPublicKeyHere,0.0028,SIM-bd15e7a6-1768892690,INVALID
8605e51a,SecondPublicKeyHere,0.0026,SIM-8605e51a-1768892690,INVALID
63c4c721,ThirdPublicKeyHere,0.0049,SIM-63c4c721-1768892690,INVALID
9c19b1dd,FourthPublicKeyHere,0.0043,SIM-9c19b1dd-1768892690,INVALID
4a45ccaa,FifthPublicKeyHere,0.0041,SIM-4a45ccaa-1768892690,INVALID
91d059bf,FirstPublicKeyHere,0.0042,SIM-91d059bf-1768892690,INVALID
0d31e1ad,SecondPublicKeyHere,0.0037,SIM-0d31e1ad-1768892690,INVALID
3d302252,ThirdPublicKeyHere,0.0026,SIM-3d302252-1768892690,INVALID
ae11f2b1,FourthPublicKeyHere,0.0045,SIM-ae11f2b1-1768892690,INVALID
88245c37,FifthPublicKeyHere,0.0042,SIM-88245c37-1768892690,INVALID
00b35d31,FirstPublicKeyHere,0.0034,SIM-00b35d31-1768892690,INVALID
fbe483ad,SecondPublicKeyHere,0.0032,SIM-fbe483ad-1768892690,INVALID
e1c4bcb6,ThirdPublicKeyHere,0.0029,SIM-e1c4bcb6-1768892690,INVALID
e4b6f802,FourthPublicKeyHere,0.0041,SIM-e4b6f802-1768892690,INVALID
875a96e1,FifthPublicKeyHere,0.0026,SIM-875a96e1-1768892690,INVALID
fe0a42da,FirstPublicKeyHere,0.0034,SIM-fe0a42da-1768892690,INVALID
7601356b,SecondPublicKeyHere,0.0048,SIM-7601356b-1768892690,INVALID
be7c3caf,ThirdPublicKeyHere,0.0025,SIM-be7c3caf-1768892690,INVALID
df7041ec,FourthPublicKeyHere,0.0036,SIM-df7041ec-1768892690,INVALID
9c725eb4,FifthPublicKeyHere,0.0039,SIM-9c725eb4-1768892690,INVALID
2de965d9,FirstPublicKeyHere,0.0039,SIM-2de965d9-1768892690,INVALID
d746c3d4,SecondPublicKeyHere,0.005,SIM-d746c3d4-1768892690,INVALID
d7cf5418,ThirdPublicKeyHere,0.0032,SIM-d7cf5418-1768892690,INVALID
0d760c8a,FourthPublicKeyHere,0.0037,SIM-0d760c8a-1768892690,INVALID
f4d8df59,FifthPublicKeyHere,0.0048,SIM-f4d8df59-1768892690,INVALID
cbe2e7ee,FirstPublicKeyHere,0.0037,SIM-cbe2e7ee-1768892690,INVALID
1ec7a514,SecondPublicKeyHere,0.0026,SIM-1ec7a514-1768892690,INVALID
616f8d55,ThirdPublicKeyHere,0.0049,SIM-616f8d55-1768892690,INVALID
69e84e78,FourthPublicKeyHere,0.0035,SIM-69e84e78-1768892690,INVALID
d32848a9,FifthPublicKeyHere,0.0029,SIM-d32848a9-1768892690,INVALID
7c7ff28e,FirstPublicKeyHere,0.004,SIM-7c7ff28e-1768892690,INVALID
825fa749,SecondPublicKeyHere,0.0028,SIM-825fa749-1768892690,INVALID
f9d885e6,ThirdPublicKeyHere,0.0021,SIM-f9d885e6-1768892690,INVALID
bf803afb,FourthPublicKeyHere,0.0046,SIM-bf803afb-1768892690,INVALID
0f4d54f1,FifthPublicKeyHere,0.0035,SIM-0f4d54f1-1768892690,INVALID
78d95e01,FirstPublicKeyHere,0.0041,SIM-78d95e01-1768892690,INVALID
f5698957,SecondPublicKeyHere,0.0038,SIM-f5698957-1768892690,INVALID
22cecfd2,ThirdPublicKeyHere,0.0032,SIM-22cecfd2-1768892690,INVALID
6eb8e6f7,FourthPublicKeyHere,0.0043,SIM-6eb8e6f7-1768892690,INVALID
08858783,FifthPublicKeyHere,0.0021,SIM-08858783-1768892690,INVALID
ff570890,FirstPublicKeyHere,0.0022,SIM-ff570890-1768892690,INVALID
6a74e34a,SecondPublicKeyHere,0.0044,SIM-6a74e34a-1768892690,INVALID
381aa6b3,ThirdPublicKeyHere,0.0027,SIM-381aa6b3-1768892690,INVALID
3f09b8c0,FourthPublicKeyHere,0.0037,SIM-3f09b8c0-1768892690,INVALID
30763bfb,FifthPublicKeyHere,0.0022,SIM-30763bfb-1768892690,INVALID
414a2f04,FirstPublicKeyHere,0.0022,SIM-414a2f04-1768892690,INVALID
d5f8d7b5,SecondPublicKeyHere,0.0034,SIM-d5f8d7b5-1768892690,INVALID
9509c879,ThirdPublicKeyHere,0.0021,SIM-9509c879-1768892690,INVALID
b9e0ed5c,FourthPublicKeyHere,0.0043,SIM-b9e0ed5c-1768892690,INVALID
e241a495,FifthPublicKeyHere,0.0035,SIM-e241a495-1768892690,INVALID
a8571d9d,FirstPublicKeyHere,0.005,SIM-a8571d9d-1768892690,INVALID
d35cee60,SecondPublicKeyHere,0.0041,SIM-d35cee60-1768892690,INVALID
8f331644,ThirdPublicKeyHere,0.0039,SIM-8f331644-1768892690,INVALID
e59c024c,FourthPublicKeyHere,0.003,SIM-e59c024c-1768892690,INVALID
d00b92d2,FifthPublicKeyHere,0.0045,SIM-d00b92d2-1768892690,INVALID
4f0aca89,FirstPublicKeyHere,0.0046,SIM-4f0aca89-1768892690,INVALID
93bc8b9c,SecondPublicKeyHere,0.0038,SIM-93bc8b9c-1768892690,INVALID
6b24509f,ThirdPublicKeyHere,0.0027,SIM-6b24509f-1768892690,INVALID
3a374df3,FourthPublicKeyHere,0.0032,SIM-3a374df3-1768892690,INVALID
7b2e98d6,FifthPublicKeyHere,0.0048,SIM-7b2e98d6-1768892690,INVALID
0abbf3b4,FirstPublicKeyHere,0.0026,SIM-0abbf3b4-1768892690,INVALID
33a14f93,SecondPublicKeyHere,0.0041,SIM-33a14f93-1768892690,INVALID
3f83c504,ThirdPublicKeyHere,0.0048,SIM-3f83c504-1768892690,INVALID
b6684493,FourthPublicKeyHere,0.0035,SIM-b6684493-1768892690,INVALID
f8285de8,FifthPublicKeyHere,0.0042,SIM-f8285de8-1768892690,INVALID
dacf0b53,FirstPublicKeyHere,0.0036,SIM-dacf0b53-1768892690,INVALID
7b059105,SecondPublicKeyHere,0.003,SIM-7b059105-1768892690,INVALID
9e8b5450,ThirdPublicKeyHere,0.0028,SIM-9e8b5450-1768892690,INVALID
01c5ae7e,FourthPublicKeyHere,0.0024,SIM-01c5ae7e-1768892690,INVALID
2ac7a23c,FifthPublicKeyHere,0.004,SIM-2ac7a23c-1768892690,INVALID
59ea4d04,FirstPublicKeyHere,0.0028,SIM-59ea4d04-1768892690,INVALID
8bf166a2,SecondPublicKeyHere,0.0044,SIM-8bf166a2-1768892690,INVALID
420146b5,ThirdPublicKeyHere,0.0027,SIM-420146b5-1768892690,INVALID
7c2d9a42,FourthPublicKeyHere,0.0043,SIM-7c2d9a42-1768892690,INVALID
1397aa46,FifthPublicKeyHere,0.0028,SIM-1397aa46-1768892690,INVALID
88721426,FirstPublicKeyHere,0.004,SIM-88721426-1768892690,INVALID
cfeec723,SecondPublicKeyHere,0.002,SIM-cfeec723-1768892690,INVALID
a4481d6c,ThirdPublicKeyHere,0.004,SIM-a4481d6c-1768892690,INVALID
e54dfa02,FourthPublicKeyHere,0.0039,SIM-e54dfa02-1768892690,INVALID
4638f83d,FifthPublicKeyHere,0.0041,SIM-4638f83d-1768892690,INVALID
b8fcf9f7,FirstPublicKeyHere,0.0023,SIM-b8fcf9f7-1768892690,INVALID
b28b66c0,SecondPublicKeyHere,0.0045,SIM-b28b66c0-1768892690,INVALID
121abc5c,ThirdPublicKeyHere,0.0048,SIM-121abc5c-1768892690,INVALID
2abb8484,FourthPublicKeyHere,0.0044,SIM-2abb8484-1768892690,INVALID
7b0dda49,FifthPublicKeyHere,0.0032,SIM-7b0dda49-1768892690,INVALID
bc2cc5ef,FirstPublicKeyHere,0.0034,SIM-bc2cc5ef-1768892690,INVALID
7200cea3,SecondPublicKeyHere,0.0042,SIM-7200cea3-1768892690,INVALID
61b0ff51,ThirdPublicKeyHere,0.0028,SIM-61b0ff51-1768892690,INVALID
8170fdbd,FourthPublicKeyHere,0.0049,SIM-8170fdbd-1768892690,INVALID
0ca9158f,FifthPublicKeyHere,0.0038,SIM-0ca9158f-1768892690,INVALID
c592c3a4,FirstPublicKeyHere,0.003,SIM-c592c3a4-1768892690,INVALID
ababf5fe,SecondPublicKeyHere,0.003,SIM-ababf5fe-1768892690,INVALID
ec814141,ThirdPublicKeyHere,0.0034,SIM-ec814141-1768892690,INVALID
d8f737b9,FourthPublicKeyHere,0.0047,SIM-d8f737b9-1768892690,INVALID
47aa367f,FifthPublicKeyHere,0.003,SIM-47aa367f-1768892690,INVALID
eb5a7b16,FirstPublicKeyHere,0.0027,SIM-eb5a7b16-1768892690,INVALID
8e9ca4a6,SecondPublicKeyHere,0.0031,SIM-8e9ca4a6-1768892690,INVALID
58f2fc06,ThirdPublicKeyHere,0.0035,SIM-58f2fc06-1768892690,INVALID
ffebb512,FourthPublicKeyHere,0.0023,SIM-ffebb512-1768892690,INVALID
b1a219b8,FifthPublicKeyHere,0.0034,SIM-b1a219b8-1768892690,INVALID
a414dbb0,FirstPublicKeyHere,0.0044,SIM-a414dbb0-1768892690,INVALID
1c5d7dbc,SecondPublicKeyHere,0.0045,SIM-1c5d7dbc-1768892690,INVALID
55fe4130,ThirdPublicKeyHere,0.0026,SIM-55fe4130-1768892690,INVALID
027e9c0a,FourthPublicKeyHere,0.0041,SIM-027e9c0a-1768892691,INVALID
7ae6fe19,FifthPublicKeyHere,0.0044,SIM-7ae6fe19-1768892691,INVALID
de18bb95,FirstPublicKeyHere,0.0027,SIM-de18bb95-1768892691,INVALID
cfdc478f,SecondPublicKeyHere,0.0038,SIM-cfdc478f-1768892691,INVALID
cd57881a,ThirdPublicKeyHere,0.0035,SIM-cd57881a-1768892691,INVALID
d3ce423e,FourthPublicKeyHere,0.0044,SIM-d3ce423e-1768892691,INVALID
bbb23145,FifthPublicKeyHere,0.0048,SIM-bbb23145-1768892691,INVALID
603a3462,FirstPublicKeyHere,0.0049,SIM-603a3462-1768892691,INVALID
1135f8a9,SecondPublicKeyHere,0.0027,SIM-1135f8a9-1768892691,INVALID
b295c2d2,ThirdPublicKeyHere,0.0027,SIM-b295c2d2-1768892691,INVALID
925ff35a,FourthPublicKeyHere,0.0035,SIM-925ff35a-1768892691,INVALID
6993998d,FifthPublicKeyHere,0.0026,SIM-6993998d-1768892691,INVALID
2fbba0b6,FirstPublicKeyHere,0.0045,SIM-2fbba0b6-1768892691,INVALID
3e87c405,SecondPublicKeyHere,0.0041,SIM-3e87c405-1768892691,INVALID
0c131c53,ThirdPublicKeyHere,0.0039,SIM-0c131c53-1768892691,INVALID
f90b837c,FourthPublicKeyHere,0.0034,SIM-f90b837c-1768892691,INVALID
ee2b8491,FifthPublicKeyHere,0.002,SIM-ee2b8491-1768892691,INVALID
3b54919f,FirstPublicKeyHere,0.0027,SIM-3b54919f-1768892691,INVALID
37584e4d,SecondPublicKeyHere,0.0028,SIM-37584e4d-1768892691,INVALID
a18b504d,ThirdPublicKeyHere,0.0042,SIM-a18b504d-1768892691,INVALID
c05f24f7,FourthPublicKeyHere,0.0032,SIM-c05f24f7-1768892691,INVALID
84b2ebc0,FifthPublicKeyHere,0.0035,SIM-84b2ebc0-1768892691,INVALID
c97eba17,FirstPublicKeyHere,0.004,SIM-c97eba17-1768892691,INVALID
34425a7b,SecondPublicKeyHere,0.0037,SIM-34425a7b-1768892691,INVALID
e30b5826,ThirdPublicKeyHere,0.0025,SIM-e30b5826-1768892691,INVALID
0df0aa68,FourthPublicKeyHere,0.0046,SIM-0df0aa68-1768892691,INVALID
4271eaff,FifthPublicKeyHere,0.002,SIM-4271eaff-1768892691,INVALID
32de1420,FirstPublicKeyHere,0.0026,SIM-32de1420-1768892691,INVALID
54341af2,SecondPublicKeyHere,0.0042,SIM-54341af2-1768892691,INVALID
19283bac,ThirdPublicKeyHere,0.0047,SIM-19283bac-1768892691,INVALID
8ce0d953,FourthPublicKeyHere,0.0021,SIM-8ce0d953-1768892691,INVALID
aa98dc7c,FifthPublicKeyHere,0.0038,SIM-aa98dc7c-1768892691,INVALID
694ffecd,FirstPublicKeyHere,0.0026,SIM-694ffecd-1768892691,INVALID
12bcf9c0,SecondPublicKeyHere,0.0027,SIM-12bcf9c0-1768892691,INVALID
10cc288c,ThirdPublicKeyHere,0.0043,SIM-10cc288c-1768892691,INVALID
4e026011,FourthPublicKeyHere,0.002,SIM-4e026011-1768892691,INVALID
f0c0bdbc,FifthPublicKeyHere,0.0036,SIM-f0c0bdbc-1768892691,INVALID
17c3d1b7,FirstPublicKeyHere,0.0038,SIM-17c3d1b7-1768892691,INVALID
bf302ce3,SecondPublicKeyHere,0.0048,SIM-bf302ce3-1768892691,INVALID
344280e4,ThirdPublicKeyHere,0.0044,SIM-344280e4-1768892691,INVALID
5be840cd,FourthPublicKeyHere,0.0045,SIM-5be840cd-1768892691,INVALID
171420cc,FifthPublicKeyHere,0.0035,SIM-171420cc-1768892691,INVALID
5c8ca88f,FirstPublicKeyHere,0.0047,SIM-5c8ca88f-1768892691,INVALID
e7b00ede,SecondPublicKeyHere,0.0038,SIM-e7b00ede-1768892691,INVALID
976e2998,ThirdPublicKeyHere,0.0027,SIM-976e2998-1768892691,INVALID
5d3942f3,FourthPublicKeyHere,0.003,SIM-5d3942f3-1768892691,INVALID
7222e4f1,FifthPublicKeyHere,0.0026,SIM-7222e4f1-1768892691,INVALID
bf06968e,FirstPublicKeyHere,0.0025,SIM-bf06968e-1768892691,INVALID
f15e9369,SecondPublicKeyHere,0.0048,SIM-f15e9369-1768892691,INVALID
a879d25b,ThirdPublicKeyHere,0.0028,SIM-a879d25b-1768892691,INVALID
caabfcc4,FourthPublicKeyHere,0.0028,SIM-caabfcc4-1768892691,INVALID
5b6c907a,FifthPublicKeyHere,0.004,SIM-5b6c907a-1768892691,INVALID
28c54cb7,FirstPublicKeyHere,0.0039,SIM-28c54cb7-1768892691,INVALID
d5f90e0e,SecondPublicKeyHere,0.0028,SIM-d5f90e0e-1768892691,INVALID
19c8cd79,ThirdPublicKeyHere,0.0049,SIM-19c8cd79-1768892691,INVALID
0bcb56ba,FourthPublicKeyHere,0.0026,SIM-0bcb56ba-1768892691,INVALID
ca0aebed,FifthPublicKeyHere,0.0022,SIM-ca0aebed-1768892691,INVALID
21ac8e75,FirstPublicKeyHere,0.0032,SIM-21ac8e75-1768892691,INVALID
95192f20,SecondPublicKeyHere,0.0024,SIM-95192f20-1768892691,INVALID
3237a5fc,ThirdPublicKeyHere,0.0028,SIM-3237a5fc-1768892691,INVALID
615b1af9,FourthPublicKeyHere,0.0049,SIM-615b1af9-1768892691,INVALID
3e2ac861,FifthPublicKeyHere,0.0038,SIM-3e2ac861-1768892691,INVALID
4f8739b8,FirstPublicKeyHere,0.0037,SIM-4f8739b8-1768892691,INVALID
da36fca3,SecondPublicKeyHere,0.0044,SIM-da36fca3-1768892691,INVALID
b3b942a6,ThirdPublicKeyHere,0.0049,SIM-b3b942a6-1768892691,INVALID
fc2e3359,FourthPublicKeyHere,0.0035,SIM-fc2e3359-1768892691,INVALID
a7256f89,FifthPublicKeyHere,0.0027,SIM-a7256f89-1768892691,INVALID
990e6839,FirstPublicKeyHere,0.002,SIM-990e6839-1768892691,INVALID
ab7ddc72,SecondPublicKeyHere,0.0035,SIM-ab7ddc72-1768892691,INVALID
3aaf8ea6,ThirdPublicKeyHere,0.0043,SIM-3aaf8ea6-1768892691,INVALID
55923a37,FourthPublicKeyHere,0.0034,SIM-55923a37-1768892691,INVALID
ddde6622,FifthPublicKeyHere,0.0034,SIM-ddde6622-1768892691,INVALID
c4eead78,FirstPublicKeyHere,0.0022,SIM-c4eead78-1768892691,INVALID
7f155c62,SecondPublicKeyHere,0.0036,SIM-7f155c62-1768892691,INVALID
ac024cdf,ThirdPublicKeyHere,0.0036,SIM-ac024cdf-1768892691,INVALID
d91c8fde,FourthPublicKeyHere,0.0049,SIM-d91c8fde-1768892691,INVALID
a2fca50e,FifthPublicKeyHere,0.003,SIM-a2fca50e-1768892691,INVALID
fb307bd9,FirstPublicKeyHere,0.0029,SIM-fb307bd9-1768892691,INVALID
76fd44ff,SecondPublicKeyHere,0.0023,SIM-76fd44ff-1768892691,INVALID
13dcffd9,ThirdPublicKeyHere,0.0041,SIM-13dcffd9-1768892691,INVALID
915350c2,FourthPublicKeyHere,0.0046,SIM-915350c2-1768892691,INVALID
6ddaa635,FifthPublicKeyHere,0.0039,SIM-6ddaa635-1768892691,INVALID
769b0cd4,FirstPublicKeyHere,0.0044,SIM-769b0cd4-1768892691,INVALID
170f9e9c,SecondPublicKeyHere,0.003,SIM-170f9e9c-1768892691,INVALID
33eecf44,ThirdPublicKeyHere,0.0045,SIM-33eecf44-1768892691,INVALID
7f4afd5e,FourthPublicKeyHere,0.0022,SIM-7f4afd5e-1768892691,INVALID
7621c676,FifthPublicKeyHere,0.0046,SIM-7621c676-1768892691,INVALID
b959fcea,FirstPublicKeyHere,0.0036,SIM-b959fcea-1768892691,INVALID
fac0814e,SecondPublicKeyHere,0.0043,SIM-fac0814e-1768892691,INVALID
408cb7a0,ThirdPublicKeyHere,0.0038,SIM-408cb7a0-1768892691,INVALID
5fe03d9f,FourthPublicKeyHere,0.0036,SIM-5fe03d9f-1768892691,INVALID
c18c3f0c,FifthPublicKeyHere,0.0038,SIM-c18c3f0c-1768892691,INVALID
f262d8fd,FirstPublicKeyHere,0.0036,SIM-f262d8fd-1768892691,INVALID
b181a19e,SecondPublicKeyHere,0.0041,SIM-b181a19e-1768892691,INVALID
cb01baa8,ThirdPublicKeyHere,0.005,SIM-cb01baa8-1768892691,INVALID
6a1c5d73,FourthPublicKeyHere,0.0046,SIM-6a1c5d73-1768892691,INVALID
c4cf24a9,FifthPublicKeyHere,0.0048,SIM-c4cf24a9-1768892691,INVALID
260dcce6,FirstPublicKeyHere,0.0046,SIM-260dcce6-1768892691,INVALID
9dc1f18a,SecondPublicKeyHere,0.003,SIM-9dc1f18a-1768892691,INVALID
fe75c6a3,ThirdPublicKeyHere,0.0037,SIM-fe75c6a3-1768892691,INVALID
e74ba6a8,FourthPublicKeyHere,0.0038,SIM-e74ba6a8-1768892691,INVALID
ff99e4b6,FifthPublicKeyHere,0.0046,SIM-ff99e4b6-1768892691,INVALID
99422c45,FirstPublicKeyHere,0.0043,SIM-99422c45-1768892691,INVALID
6fc92b1c,SecondPublicKeyHere,0.004,SIM-6fc92b1c-1768892691,INVALID
99ceccaf,ThirdPublicKeyHere,0.0028,SIM-99ceccaf-1768892691,INVALID
cb3b8924,FourthPublicKeyHere,0.0039,SIM-cb3b8924-1768892691,INVALID
9b96275a,FifthPublicKeyHere,0.004,SIM-9b96275a-1768892691,INVALID
eaf97bc5,FirstPublicKeyHere,0.0029,SIM-eaf97bc5-1768892691,INVALID
b99c4d2b,SecondPublicKeyHere,0.0046,SIM-b99c4d2b-1768892691,INVALID
f10e933c,ThirdPublicKeyHere,0.0021,SIM-f10e933c-1768892691,INVALID
efeed2a0,FourthPublicKeyHere,0.0024,SIM-efeed2a0-1768892691,INVALID
d73c746c,FifthPublicKeyHere,0.0022,SIM-d73c746c-1768892691,INVALID
bdd0fc06,FirstPublicKeyHere,0.0023,SIM-bdd0fc06-1768892691,INVALID
c4eaba8a,SecondPublicKeyHere,0.0028,SIM-c4eaba8a-1768892691,INVALID
61989567,ThirdPublicKeyHere,0.0024,SIM-61989567-1768892691,INVALID
289b6437,FourthPublicKeyHere,0.0034,SIM-289b6437-1768892691,INVALID
5aed4fff,FifthPublicKeyHere,0.0044,SIM-5aed4fff-1768892691,INVALID
3765623b,FirstPublicKeyHere,0.0049,SIM-3765623b-1768892691,INVALID
7e78388e,SecondPublicKeyHere,0.0027,SIM-7e78388e-1768892691,INVALID
b58588a8,ThirdPublicKeyHere,0.0033,SIM-b58588a8-1768892691,INVALID
2f5aaf7d,FourthPublicKeyHere,0.0024,SIM-2f5aaf7d-1768892691,INVALID
e6df1cbe,FifthPublicKeyHere,0.003,SIM-e6df1cbe-1768892691,INVALID
0af43620,FirstPublicKeyHere,0.0047,SIM-0af43620-1768892691,INVALID
3f25f120,SecondPublicKeyHere,0.0047,SIM-3f25f120-1768892691,INVALID
2a47f5ed,ThirdPublicKeyHere,0.0035,SIM-2a47f5ed-1768892691,INVALID
e4f29e54,FourthPublicKeyHere,0.0037,SIM-e4f29e54-1768892691,INVALID
d715a57c,FifthPublicKeyHere,0.0031,SIM-d715a57c-1768892691,INVALID
9ce941b1,FirstPublicKeyHere,0.0031,SIM-9ce941b1-1768892691,INVALID
329814e0,SecondPublicKeyHere,0.0049,SIM-329814e0-1768892692,INVALID
14c76bbe,ThirdPublicKeyHere,0.0033,SIM-14c76bbe-1768892692,INVALID
1380fa01,FourthPublicKeyHere,0.0037,SIM-1380fa01-1768892692,INVALID
290aaec6,FifthPublicKeyHere,0.004,SIM-290aaec6-1768892692,INVALID
910e4877,FirstPublicKeyHere,0.0029,SIM-910e4877-1768892692,INVALID
235a8998,SecondPublicKeyHere,0.0028,SIM-235a8998-1768892692,INVALID
3302cd4d,ThirdPublicKeyHere,0.0043,SIM-3302cd4d-1768892692,INVALID
b47e04d9,FourthPublicKeyHere,0.0031,SIM-b47e04d9-1768892692,INVALID
fd856a8e,FifthPublicKeyHere,0.005,SIM-fd856a8e-1768892692,INVALID
04ca4e38,FirstPublicKeyHere,0.0021,SIM-04ca4e38-1768892692,INVALID
9cce1939,SecondPublicKeyHere,0.0045,SIM-9cce1939-1768892692,INVALID
d09097ee,ThirdPublicKeyHere,0.0028,SIM-d09097ee-1768892692,INVALID
5d1545a6,FourthPublicKeyHere,0.0046,SIM-5d1545a6-1768892692,INVALID
c433f41a,FifthPublicKeyHere,0.0044,SIM-c433f41a-1768892692,INVALID
fea7d0ae,FirstPublicKeyHere,0.0034,SIM-fea7d0ae-1768892692,INVALID
cd33ab50,SecondPublicKeyHere,0.0031,SIM-cd33ab50-1768892692,INVALID
df4a17cc,ThirdPublicKeyHere,0.0027,SIM-df4a17cc-1768892692,INVALID
df610771,FourthPublicKeyHere,0.0038,SIM-df610771-1768892692,INVALID
b1aae039,FifthPublicKeyHere,0.0041,SIM-b1aae039-1768892692,INVALID
fb86a579,FirstPublicKeyHere,0.0036,SIM-fb86a579-1768892692,INVALID
06747c93,SecondPublicKeyHere,0.0034,SIM-06747c93-1768892692,INVALID
159c1fe3,ThirdPublicKeyHere,0.0042,SIM-159c1fe3-1768892692,INVALID
4faffd00,FourthPublicKeyHere,0.0039,SIM-4faffd00-1768892692,INVALID
ed93eb16,FifthPublicKeyHere,0.0043,SIM-ed93eb16-1768892692,INVALID
5d686ee3,FirstPublicKeyHere,0.0038,SIM-5d686ee3-1768892692,INVALID
59cecc6b,SecondPublicKeyHere,0.005,SIM-59cecc6b-1768892692,INVALID
34d075ce,ThirdPublicKeyHere,0.003,SIM-34d075ce-1768892692,INVALID
65903c75,FourthPublicKeyHere,0.002,SIM-65903c75-1768892692,INVALID
ef95cb79,FifthPublicKeyHere,0.0039,SIM-ef95cb79-1768892692,INVALID
aea1bcc7,FirstPublicKeyHere,0.0031,SIM-aea1bcc7-1768892692,INVALID
b0038be8,SecondPublicKeyHere,0.0026,SIM-b0038be8-1768892692,INVALID
d1493ae1,ThirdPublicKeyHere,0.0034,SIM-d1493ae1-1768892692,INVALID
47825f48,FourthPublicKeyHere,0.0047,SIM-47825f48-1768892692,INVALID
301d47a0,FifthPublicKeyHere,0.004,SIM-301d47a0-1768892692,INVALID
122557f2,FirstPublicKeyHere,0.0032,SIM-122557f2-1768892692,INVALID
055caf6c,SecondPublicKeyHere,0.0025,SIM-055caf6c-1768892692,INVALID
3dc994a0,ThirdPublicKeyHere,0.0048,SIM-3dc994a0-1768892692,INVALID
e561b683,FourthPublicKeyHere,0.0039,SIM-e561b683-1768892692,INVALID
2b3c7ce6,FifthPublicKeyHere,0.0037,SIM-2b3c7ce6-1768892692,INVALID
d63466ec,FirstPublicKeyHere,0.005,SIM-d63466ec-1768892692,INVALID
a0318c53,SecondPublicKeyHere,0.0043,SIM-a0318c53-1768892692,INVALID
aaef5311,ThirdPublicKeyHere,0.0025,SIM-aaef5311-1768892692,INVALID
0079e51b,FourthPublicKeyHere,0.0035,SIM-0079e51b-1768892692,INVALID
4a9550a9,FifthPublicKeyHere,0.0047,SIM-4a9550a9-1768892692,INVALID
045f1e3b,FirstPublicKeyHere,0.0029,SIM-045f1e3b-1768892692,INVALID
490c8c3d,SecondPublicKeyHere,0.0027,SIM-490c8c3d-1768892692,INVALID
3802f579,ThirdPublicKeyHere,0.0026,SIM-3802f579-1768892692,INVALID
ec5dda75,FourthPublicKeyHere,0.0023,SIM-ec5dda75-1768892692,INVALID
25e38083,FifthPublicKeyHere,0.0033,SIM-25e38083-1768892692,INVALID
4bf157ca,FirstPublicKeyHere,0.0037,SIM-4bf157ca-1768892692,INVALID
9e41e006,SecondPublicKeyHere,0.0048,SIM-9e41e006-1768892692,INVALID
9fe0fba6,ThirdPublicKeyHere,0.0032,SIM-9fe0fba6-1768892692,INVALID
2f18af79,FourthPublicKeyHere,0.0021,SIM-2f18af79-1768892692,INVALID
9327f0de,FifthPublicKeyHere,0.0038,SIM-9327f0de-1768892692,INVALID
016be13d,FirstPublicKeyHere,0.0046,SIM-016be13d-1768892692,INVALID
63a32e2e,SecondPublicKeyHere,0.0041,SIM-63a32e2e-1768892692,INVALID
77cddda7,ThirdPublicKeyHere,0.004,SIM-77cddda7-1768892692,INVALID
e515aeb0,FourthPublicKeyHere,0.0025,SIM-e515aeb0-1768892692,INVALID
268145e2,FifthPublicKeyHere,0.0027,SIM-268145e2-1768892692,INVALID
d41fe75f,FirstPublicKeyHere,0.0039,SIM-d41fe75f-1768892692,INVALID
dd511891,SecondPublicKeyHere,0.0023,SIM-dd511891-1768892692,INVALID
d0ebde75,ThirdPublicKeyHere,0.0031,SIM-d0ebde75-1768892692,INVALID
1cfd43cd,FourthPublicKeyHere,0.0045,SIM-1cfd43cd-1768892692,INVALID
4a857ceb,FifthPublicKeyHere,0.0033,SIM-4a857ceb-1768892692,INVALID
f6801621,FirstPublicKeyHere,0.0027,SIM-f6801621-1768892692,INVALID
61dbbdd6,SecondPublicKeyHere,0.0029,SIM-61dbbdd6-1768892692,INVALID
3b35796f,ThirdPublicKeyHere,0.0049,SIM-3b35796f-1768892692,INVALID
f85ea525,FourthPublicKeyHere,0.0033,SIM-f85ea525-1768892692,INVALID
5f46a2a0,FifthPublicKeyHere,0.003,SIM-5f46a2a0-1768892692,INVALID
0db713b3,FirstPublicKeyHere,0.0028,SIM-0db713b3-1768892692,INVALID
8d630242,SecondPublicKeyHere,0.0034,SIM-8d630242-1768892692,INVALID
b686be4d,ThirdPublicKeyHere,0.0026,SIM-b686be4d-1768892692,INVALID
02efc68e,FourthPublicKeyHere,0.0044,SIM-02efc68e-1768892692,INVALID
8dbbc8e6,FifthPublicKeyHere,0.0035,SIM-8dbbc8e6-1768892692,INVALID
8f2fd99f,FirstPublicKeyHere,0.0025,SIM-8f2fd99f-1768892692,INVALID
d28116f8,SecondPublicKeyHere,0.0025,SIM-d28116f8-1768892692,INVALID
86a51e03,ThirdPublicKeyHere,0.003,SIM-86a51e03-1768892692,INVALID
8b71e70d,FourthPublicKeyHere,0.0047,SIM-8b71e70d-1768892692,INVALID
a3515f31,FifthPublicKeyHere,0.0047,SIM-a3515f31-1768892692,INVALID
b46d96a4,FirstPublicKeyHere,0.0036,SIM-b46d96a4-1768892692,INVALID
65afa40d,SecondPublicKeyHere,0.0042,SIM-65afa40d-1768892692,INVALID
57712006,ThirdPublicKeyHere,0.0028,SIM-57712006-1768892692,INVALID
b8a0ce48,FourthPublicKeyHere,0.0021,SIM-b8a0ce48-1768892692,INVALID
ff6b9a02,FifthPublicKeyHere,0.0028,SIM-ff6b9a02-1768892692,INVALID
3c915656,FirstPublicKeyHere,0.0024,SIM-3c915656-1768892692,INVALID
d8aa90d9,SecondPublicKeyHere,0.0045,SIM-d8aa90d9-1768892692,INVALID
4dc2bee2,ThirdPublicKeyHere,0.004,SIM-4dc2bee2-1768892692,INVALID
40c0db5b,FourthPublicKeyHere,0.0036,SIM-40c0db5b-1768892692,INVALID
0ebbf0b7,FifthPublicKeyHere,0.0027,SIM-0ebbf0b7-1768892692,INVALID
74e4b1ab,FirstPublicKeyHere,0.003,SIM-74e4b1ab-1768892692,INVALID
05de8922,SecondPublicKeyHere,0.0044,SIM-05de8922-1768892692,INVALID
7fb454ad,ThirdPublicKeyHere,0.0034,SIM-7fb454ad-1768892692,INVALID
2411edd6,FourthPublicKeyHere,0.0036,SIM-2411edd6-1768892692,INVALID
fe6ab457,FifthPublicKeyHere,0.0024,SIM-fe6ab457-1768892692,INVALID
0c91641c,FirstPublicKeyHere,0.0025,SIM-0c91641c-1768892692,INVALID
be84ff35,SecondPublicKeyHere,0.0034,SIM-be84ff35-1768892692,INVALID
02d2a186,ThirdPublicKeyHere,0.0036,SIM-02d2a186-1768892692,INVALID
8ab28876,FourthPublicKeyHere,0.0023,SIM-8ab28876-1768892692,INVALID
24746f18,FifthPublicKeyHere,0.002,SIM-24746f18-1768892692,INVALID
f148cde8,FirstPublicKeyHere,0.0048,SIM-f148cde8-1768892692,INVALID
2db3844e,SecondPublicKeyHere,0.0049,SIM-2db3844e-1768892692,INVALID
c9a96d00,ThirdPublicKeyHere,0.0042,SIM-c9a96d00-1768892692,INVALID
fad7bd02,FourthPublicKeyHere,0.003,SIM-fad7bd02-1768892692,INVALID
6529d30d,FifthPublicKeyHere,0.0038,SIM-6529d30d-1768892692,INVALID
895c4a80,FirstPublicKeyHere,0.0028,SIM-895c4a80-1768892692,INVALID
ddbc2fd0,SecondPublicKeyHere,0.0022,SIM-ddbc2fd0-1768892692,INVALID
f20f8a3a,ThirdPublicKeyHere,0.0021,SIM-f20f8a3a-1768892692,INVALID
03558fe5,FourthPublicKeyHere,0.0032,SIM-03558fe5-1768892692,INVALID
2cc6620d,FifthPublicKeyHere,0.0036,SIM-2cc6620d-1768892692,INVALID
d7e9b85e,FirstPublicKeyHere,0.0045,SIM-d7e9b85e-1768892692,INVALID
0ed712c2,SecondPublicKeyHere,0.0039,SIM-0ed712c2-1768892692,INVALID
bc38c724,ThirdPublicKeyHere,0.0026,SIM-bc38c724-1768892692,INVALID
b3cdb3ab,FourthPublicKeyHere,0.0038,SIM-b3cdb3ab-1768892692,INVALID
c92c2c87,FifthPublicKeyHere,0.0036,SIM-c92c2c87-1768892692,INVALID
3a58bdb8,FirstPublicKeyHere,0.0033,SIM-3a58bdb8-1768892692,INVALID
4ca6f143,SecondPublicKeyHere,0.0037,SIM-4ca6f143-1768892692,INVALID
b315dcf7,ThirdPublicKeyHere,0.0029,SIM-b315dcf7-1768892692,INVALID
0e9cadbf,FourthPublicKeyHere,0.005,SIM-0e9cadbf-1768892692,INVALID
13b885a4,FirstPublicKeyHere,0.0039,SIM-13b885a4-1768892692,INVALID
751e98dd,SecondPublicKeyHere,0.0033,SIM-751e98dd-1768892692,INVALID
64fdf6a3,ThirdPublicKeyHere,0.0027,SIM-64fdf6a3-1768892692,INVALID
67f13f61,FourthPublicKeyHere,0.0047,SIM-67f13f61-1768892692,INVALID
631d71a0,FourthPublicKeyHere,0.0049,SIM-631d71a0-1768892692,INVALID
089cc936,SecondPublicKeyHere,0.0047,SIM-089cc936-1768892692,INVALID
e3d368f4,FifthPublicKeyHere,0.003,SIM-e3d368f4-1768892692,INVALID
03f68550,ThirdPublicKeyHere,0.0049,SIM-03f68550-1768892692,INVALID
53d1dc43,FirstPublicKeyHere,0.0044,SIM-53d1dc43-1768892693,INVALID
d3f1bb7a,FourthPublicKeyHere,0.0032,SIM-d3f1bb7a-1768892693,INVALID
8d32ee42,SecondPublicKeyHere,0.0037,SIM-8d32ee42-1768892693,INVALID
d213a164,FifthPublicKeyHere,0.0043,SIM-d213a164-1768892693,INVALID
ab22ff9c,ThirdPublicKeyHere,0.0042,SIM-ab22ff9c-1768892693,INVALID
a7a664ea,FirstPublicKeyHere,0.0034,SIM-a7a664ea-1768892693,INVALID
005682de,FourthPublicKeyHere,0.0023,SIM-005682de-1768892693,INVALID
c41f0547,SecondPublicKeyHere,0.0043,SIM-c41f0547-1768892693,INVALID
f05600a3,FifthPublicKeyHere,0.0028,SIM-f05600a3-1768892693,INVALID
9465a210,ThirdPublicKeyHere,0.0046,SIM-9465a210-1768892693,INVALID
575cb2a6,FLEET_NODE_2,0.0033,SIM-575cb2a6-1768892693,INVALID
59fabfd1,FLEET_NODE_1,0.0043,SIM-59fabfd1-1768892693,INVALID
18a6138d,FLEET_NODE_3,0.004,SIM-18a6138d-1768892693,INVALID
533cf3e8,FLEET_NODE_2,0.0046,SIM-533cf3e8-1768892693,INVALID
5cef133a,FLEET_NODE_1,0.002,SIM-5cef133a-1768892693,INVALID
ad35c3bb,FLEET_NODE_3,0.005,SIM-ad35c3bb-1768892693,INVALID
7c855883,FLEET_NODE_2,0.0045,SIM-7c855883-1768892693,INVALID
ed6f9ded,FLEET_NODE_1,0.0023,SIM-ed6f9ded-1768892693,INVALID
80512f59,FLEET_NODE_3,0.0042,SIM-80512f59-1768892693,INVALID
7225311d,FLEET_NODE_2,0.0049,SIM-7225311d-1768892693,INVALID
ade11771,FLEET_NODE_1,0.0035,SIM-ade11771-1768892693,INVALID
c691c157,FLEET_NODE_3,0.0034,SIM-c691c157-1768892693,INVALID
11124eb9,FLEET_NODE_2,0.0026,SIM-11124eb9-1768892693,INVALID
4d3d9d7c,FLEET_NODE_1,0.0032,SIM-4d3d9d7c-1768892693,INVALID
610742f6,FLEET_NODE_3,0.0045,SIM-610742f6-1768892693,INVALID
d94d8216,FLEET_NODE_2,0.0044,SIM-d94d8216-1768892693,INVALID
937f089a,FLEET_NODE_1,0.0039,SIM-937f089a-1768892693,INVALID
9955209b,FLEET_NODE_3,0.0027,SIM-9955209b-1768892693,INVALID
29900f68,FLEET_NODE_2,0.0041,SIM-29900f68-1768892693,INVALID
ddda6c45,FLEET_NODE_1,0.0033,SIM-ddda6c45-1768892693,INVALID
b600badc,FLEET_NODE_3,0.0027,SIM-b600badc-1768892693,INVALID
e1035b55,FLEET_NODE_2,0.0044,SIM-e1035b55-1768892693,INVALID
0056fa2e,FLEET_NODE_1,0.0031,SIM-0056fa2e-1768892693,INVALID
68694005,FLEET_NODE_3,0.0023,SIM-68694005-1768892693,INVALID
97870d21,FLEET_NODE_2,0.0045,SIM-97870d21-1768892693,INVALID
d42591f3,FLEET_NODE_1,0.0041,SIM-d42591f3-1768892693,INVALID
1239aa82,FLEET_NODE_3,0.0042,SIM-1239aa82-1768892693,INVALID
ea10c4fc,FLEET_NODE_2,0.0039,SIM-ea10c4fc-1768892693,INVALID
21ae0395,FLEET_NODE_1,0.0034,SIM-21ae0395-1768892693,INVALID
21e502d3,FLEET_NODE_3,0.004,SIM-21e502d3-1768892693,INVALID
e37f4335,FLEET_NODE_2,0.0048,SIM-e37f4335-1768892693,INVALID
63319a00,FLEET_NODE_1,0.0027,SIM-63319a00-1768892693,INVALID
b124cc58,FLEET_NODE_3,0.0046,SIM-b124cc58-1768892693,INVALID
d1aed4c6,FLEET_NODE_2,0.003,SIM-d1aed4c6-1768892693,INVALID
64c6dd2f,FLEET_NODE_1,0.0026,SIM-64c6dd2f-1768892693,INVALID
70d0a6a3,FLEET_NODE_3,0.0025,SIM-70d0a6a3-1768892693,INVALID
00af11b1,FLEET_NODE_2,0.0049,SIM-00af11b1-1768892693,INVALID
b2d3ea71,FLEET_NODE_1,0.0046,SIM-b2d3ea71-1768892693,INVALID
1e16d569,FLEET_NODE_3,0.0049,SIM-1e16d569-1768892693,INVALID
a5bdc1ef,FLEET_NODE_2,0.0031,SIM-a5bdc1ef-1768892693,INVALID
fd22865f,FLEET_NODE_1,0.004,SIM-fd22865f-1768892693,INVALID
4d70114f,FLEET_NODE_3,0.0032,SIM-4d70114f-1768892693,INVALID
9a1538ec,FLEET_NODE_2,0.0044,SIM-9a1538ec-1768892693,INVALID
ffbf3d8c,FLEET_NODE_1,0.0031,SIM-ffbf3d8c-1768892693,INVALID
273560d3,FLEET_NODE_3,0.0042,SIM-273560d3-1768892693,INVALID
44e52d59,FLEET_NODE_2,0.0025,SIM-44e52d59-1768892693,INVALID
b3436336,FLEET_NODE_1,0.0042,SIM-b3436336-1768892693,INVALID
6d3f325c,FLEET_NODE_3,0.0042,SIM-6d3f325c-1768892693,INVALID
f11969df,FLEET_NODE_2,0.0032,SIM-f11969df-1768892693,INVALID
995765ae,FLEET_NODE_1,0.0039,SIM-995765ae-1768892693,INVALID
cdf6366b,FirstPublicKeyHere,0.0031,SIM-cdf6366b-1768892693,INVALID
9875020c,SecondPublicKeyHere,0.0036,SIM-9875020c-1768892693,INVALID
98da6ff7,ThirdPublicKeyHere,0.0041,SIM-98da6ff7-1768892693,INVALID
435f3028,FourthPublicKeyHere,0.0046,SIM-435f3028-1768892693,INVALID
51aeb3a5,FifthPublicKeyHere,0.0022,SIM-51aeb3a5-1768892693,INVALID
68a782b2,FirstPublicKeyHere,0.0024,SIM-68a782b2-1768892693,INVALID
8a73b646,SecondPublicKeyHere,0.0048,SIM-8a73b646-1768892693,INVALID
0375702d,ThirdPublicKeyHere,0.0021,SIM-0375702d-1768892693,INVALID
dabfc1a1,FirstPublicKeyHere,0.0024,SIM-dabfc1a1-1768892693,INVALID
36c732a3,SecondPublicKeyHere,0.0041,SIM-36c732a3-1768892693,INVALID
badc7983,ThirdPublicKeyHere,0.0043,SIM-badc7983-1768892693,INVALID
7ad53173,FourthPublicKeyHere,0.0038,SIM-7ad53173-1768892693,INVALID
15fde0ae,FifthPublicKeyHere,0.005,SIM-15fde0ae-1768892693,INVALID
6e6c7871,FirstPublicKeyHere,0.0032,SIM-6e6c7871-1768892693,INVALID
ac396449,SecondPublicKeyHere,0.0049,SIM-ac396449-1768892693,INVALID
4e75e896,ThirdPublicKeyHere,0.0023,SIM-4e75e896-1768892693,INVALID
cce67976,FourthPublicKeyHere,0.0021,SIM-cce67976-1768892693,INVALID
9b63db12,FifthPublicKeyHere,0.0035,SIM-9b63db12-1768892693,INVALID
00f21425,FirstPublicKeyHere,0.0049,SIM-00f21425-1768892693,INVALID
64664165,SecondPublicKeyHere,0.0077,SIM-64664165-1768892693,INVALID
16dc6b69,FirstPublicKeyHere,0.0091,SIM-16dc6b69-1768892693,INVALID
1d445ff8,FifthPublicKeyHere,0.0014,SIM-1d445ff8-1768892693,INVALID
d8ef98dd,FourthPublicKeyHere,0.0062,SIM-d8ef98dd-1768892693,INVALID
4dac9c90,ThirdPublicKeyHere,0.0014,SIM-4dac9c90-1768892693,INVALID
bd63efb6,SecondPublicKeyHere,0.0076,SIM-bd63efb6-1768892693,INVALID
d759694c,FirstPublicKeyHere,0.0045,SIM-d759694c-1768892693,INVALID
e5d6c437,FifthPublicKeyHere,0.006,SIM-e5d6c437-1768892693,INVALID
4ea023d4,FourthPublicKeyHere,0.0087,SIM-4ea023d4-1768892693,INVALID
fc3c13f1,ThirdPublicKeyHere,0.0088,SIM-fc3c13f1-1768892693,INVALID
79ff90fa,SecondPublicKeyHere,0.0086,SIM-79ff90fa-1768892693,INVALID
5967c9e1,FirstPublicKeyHere,0.0084,SIM-5967c9e1-1768892693,INVALID
4c906cc4,FifthPublicKeyHere,0.0091,SIM-4c906cc4-1768892693,INVALID
82244234,FourthPublicKeyHere,0.0051,SIM-82244234-1768892693,INVALID
24ea9830,ThirdPublicKeyHere,0.0095,SIM-24ea9830-1768892693,INVALID
eb3ed41f,SecondPublicKeyHere,0.0059,SIM-eb3ed41f-1768892693,INVALID
bc0501e3,FirstPublicKeyHere,0.0061,SIM-bc0501e3-1768892693,INVALID
23df2814,FifthPublicKeyHere,0.0057,SIM-23df2814-1768892693,INVALID
9f7e418b,FourthPublicKeyHere,0.0061,SIM-9f7e418b-1768892693,INVALID
5f355854,ThirdPublicKeyHere,0.0018,SIM-5f355854-1768892693,INVALID
31ab7f82,SecondPublicKeyHere,0.0059,SIM-31ab7f82-1768892693,INVALID
c4da441c,FirstPublicKeyHere,0.0095,SIM-c4da441c-1768892693,INVALID
92658c84,FifthPublicKeyHere,0.0017,SIM-92658c84-1768892693,INVALID
34f13a78,FourthPublicKeyHere,0.0026,SIM-34f13a78-1768892693,INVALID
ca8b9aca,ThirdPublicKeyHere,0.0059,SIM-ca8b9aca-1768892693,INVALID
2f9134f2,SecondPublicKeyHere,0.0022,SIM-2f9134f2-1768892693,INVALID
2741edd4,FirstPublicKeyHere,0.0084,SIM-2741edd4-1768892693,INVALID
5b5a3830,FifthPublicKeyHere,0.0044,SIM-5b5a3830-1768892693,INVALID
958fe3b8,FourthPublicKeyHere,0.01,SIM-958fe3b8-1768892693,INVALID
16c90141,ThirdPublicKeyHere,0.002,SIM-16c90141-1768892693,INVALID
24db0340,SecondPublicKeyHere,0.004,SIM-24db0340-1768892693,INVALID
dd401d28,FirstPublicKeyHere,0.0085,SIM-dd401d28-1768892693,INVALID
9385047e,FifthPublicKeyHere,0.0087,SIM-9385047e-1768892693,INVALID
395ea2d6,FourthPublicKeyHere,0.0045,SIM-395ea2d6-1768892693,INVALID
76b29952,ThirdPublicKeyHere,0.001,SIM-76b29952-1768892693,INVALID
65e6406c,SecondPublicKeyHere,0.0064,SIM-65e6406c-1768892693,INVALID
6b98be88,FirstPublicKeyHere,0.0023,SIM-6b98be88-1768892693,INVALID
9aa86d60,FifthPublicKeyHere,0.0072,SIM-9aa86d60-1768892693,INVALID
0ae6f60a,FourthPublicKeyHere,0.0034,SIM-0ae6f60a-1768892693,INVALID
90b611e3,ThirdPublicKeyHere,0.0083,SIM-90b611e3-1768892693,INVALID
8aa5350b,SecondPublicKeyHere,0.0022,SIM-8aa5350b-1768892693,INVALID
cedbda0a,FirstPublicKeyHere,0.0021,SIM-cedbda0a-1768892694,INVALID
6a61ffb4,FifthPublicKeyHere,0.0013,SIM-6a61ffb4-1768892694,INVALID
dbe7e311,FourthPublicKeyHere,0.0025,SIM-dbe7e311-1768892694,INVALID
e35243e7,ThirdPublicKeyHere,0.0045,SIM-e35243e7-1768892694,INVALID
38d5433b,SecondPublicKeyHere,0.0075,SIM-38d5433b-1768892694,INVALID
ffb15927,FirstPublicKeyHere,0.0031,SIM-ffb15927-1768892694,INVALID
e323c44d,FifthPublicKeyHere,0.0086,SIM-e323c44d-1768892694,INVALID
bf88e123,FourthPublicKeyHere,0.0027,SIM-bf88e123-1768892694,INVALID
c932140f,ThirdPublicKeyHere,0.0092,SIM-c932140f-1768892694,INVALID
edc21008,SecondPublicKeyHere,0.0089,SIM-edc21008-1768892694,INVALID
60ca94ab,FirstPublicKeyHere,0.0044,SIM-60ca94ab-1768892694,INVALID
d5a406a4,FifthPublicKeyHere,0.0018,SIM-d5a406a4-1768892694,INVALID
ee500399,FourthPublicKeyHere,0.0089,SIM-ee500399-1768892694,INVALID
cb2afa06,ThirdPublicKeyHere,0.0034,SIM-cb2afa06-1768892694,INVALID
a025bf5a,SecondPublicKeyHere,0.0033,SIM-a025bf5a-1768892694,INVALID
c40cc101,FirstPublicKeyHere,0.003,SIM-c40cc101-1768892694,INVALID
531435ef,FifthPublicKeyHere,0.0049,SIM-531435ef-1768892694,INVALID
2618b0c2,FourthPublicKeyHere,0.0013,SIM-2618b0c2-1768892694,INVALID
d7361e32,ThirdPublicKeyHere,0.0065,SIM-d7361e32-1768892694,INVALID
84bea92e,SecondPublicKeyHere,0.0024,SIM-84bea92e-1768892694,INVALID
96f501cf,FirstPublicKeyHere,0.0095,SIM-96f501cf-1768892694,INVALID
7b627d98,FifthPublicKeyHere,0.0084,SIM-7b627d98-1768892694,INVALID
9d4bcd4e,FourthPublicKeyHere,0.0041,SIM-9d4bcd4e-1768892694,INVALID
45ad507f,ThirdPublicKeyHere,0.0038,SIM-45ad507f-1768892694,INVALID
d946e228,SecondPublicKeyHere,0.0015,SIM-d946e228-1768892694,INVALID
43405794,FirstPublicKeyHere,0.0011,SIM-43405794-1768892694,INVALID
ce705853,FifthPublicKeyHere,0.0019,SIM-ce705853-1768892694,INVALID
26b93ed5,FourthPublicKeyHere,0.0051,SIM-26b93ed5-1768892694,INVALID
e24d775b,ThirdPublicKeyHere,0.0084,SIM-e24d775b-1768892694,INVALID
73e4b650,SecondPublicKeyHere,0.0027,SIM-73e4b650-1768892694,INVALID
fbb32637,FirstPublicKeyHere,0.0036,SIM-fbb32637-1768892694,INVALID
e0dca759,FifthPublicKeyHere,0.0089,SIM-e0dca759-1768892694,INVALID
d1348a75,FourthPublicKeyHere,0.0072,SIM-d1348a75-1768892694,INVALID
e19ad5bf,ThirdPublicKeyHere,0.0082,SIM-e19ad5bf-1768892694,INVALID
9da30cd7,SecondPublicKeyHere,0.0071,SIM-9da30cd7-1768892694,INVALID
73172ad3,FirstPublicKeyHere,0.009,SIM-73172ad3-1768892694,INVALID
4916373c,FifthPublicKeyHere,0.0076,SIM-4916373c-1768892694,INVALID
ebc8ce34,FourthPublicKeyHere,0.0011,SIM-ebc8ce34-1768892694,INVALID
042ecf69,ThirdPublicKeyHere,0.0055,SIM-042ecf69-1768892694,INVALID
55aeffc7,SecondPublicKeyHere,0.0051,SIM-55aeffc7-1768892694,INVALID
186b783b,FirstPublicKeyHere,0.0065,SIM-186b783b-1768892694,INVALID
065415ec,FifthPublicKeyHere,0.0064,SIM-065415ec-1768892694,INVALID
3d7c61c5,FourthPublicKeyHere,0.0095,SIM-3d7c61c5-1768892694,INVALID
37b0b795,ThirdPublicKeyHere,0.0086,SIM-37b0b795-1768892694,INVALID
8,GENESIS_FAKE_WALLET_ADDR,0.0001,SIM-8-1768892694,INVALID
db4,GENESIS_FAKE_WALLET_ADDR,0.0001,SIM-db4-1768892694,INVALID
